{"Epoch": "10", "train_loss": 0.37906653706645826, "Train Accuracy": 0.5413493024909638, "_timestamp": 1653750064, "_runtime": 10488, "_step": 9, "_wandb": {"runtime": 10489}}